peptide,Qualitative Measure,Measurement Inequality,Quantitative measurement,Units,Allele Name,MHC allele class,Ref Type,Ref Date,Ref Title,Assay Method,Assay Group,Host Name,Description_Length,Normalized_QM,netmhcpan_ba_BAV,ann_BAV,smmpmbec_BAV,smm_BAV,mhcflurry_BAV,netmhcpan_ba_BAV_Normalized,ann_BAV_Normalized,smmpmbec_BAV_Normalized,smm_BAV_Normalized,mhcflurry_BAV_Normalized,VTAPERNet_BAV_Normalized,VTAPERNet_BAV
KLVVVGAVGV,Positive,=,35810.0,nM,HLA-A*02:01,I,Literature,2022,Optimized Anchor-Modified Peptides Targeting Mutated RAS Are Promising Candidates for Immunotherapy.,cellular MHC/direct/fluorescence,half maximal effective concentration (EC50),Homo sapiens (human),10,0.0308505232402733,174.89,300.18,102.75903093107507,156.12771368448506,52.25,0.5227113653241957,0.472781960518789,0.5718593653197246,0.5331998293294178,0.6343695973377759,0.38569432497024536,770.200755794651
LLVVGAAGV,Positive,=,17540.0,nM,HLA-A*02:01,I,Literature,2022,Optimized Anchor-Modified Peptides Targeting Mutated RAS Are Promising Candidates for Immunotherapy.,cellular MHC/direct/fluorescence,half maximal effective concentration (EC50),Homo sapiens (human),9,0.096817050308088,48.88,91.02,81.1764397428534,78.54345477051372,25.55,0.640531606782798,0.5830710071861361,0.5936492469119712,0.5966967232710001,0.7004894895749392,0.34874796867370605,1148.7188837160293
LLVVGARGV,Positive,=,23700.0,nM,HLA-A*02:01,I,Literature,2022,Optimized Anchor-Modified Peptides Targeting Mutated RAS Are Promising Candidates for Immunotherapy.,cellular MHC/direct/fluorescence,half maximal effective concentration (EC50),Homo sapiens (human),9,0.0689984524324982,495.02,971.35,270.6636910435053,256.51336624828014,103.74,0.4265503411717048,0.3642488158564237,0.4823482597770464,0.4873110494902135,0.5709812486997505,0.16274608671665192,8594.705984378854
LLVVGAVGV,Positive,=,25560.0,nM,HLA-A*02:01,I,Literature,2022,Optimized Anchor-Modified Peptides Targeting Mutated RAS Are Promising Candidates for Immunotherapy.,cellular MHC/direct/fluorescence,half maximal effective concentration (EC50),Homo sapiens (human),9,0.0620155384224109,50.85,123.99,79.69480273923205,78.90599488547507,25.32,0.6368797937240996,0.5545009527471598,0.5953517476712051,0.5962710980811915,0.7013252478627745,0.2837466597557068,2320.8814710353263
LLVVVGARGV,Positive-High,=,6550.0,nM,HLA-A*02:01,I,Literature,2022,Optimized Anchor-Modified Peptides Targeting Mutated RAS Are Promising Candidates for Immunotherapy.,cellular MHC/direct/fluorescence,half maximal effective concentration (EC50),Homo sapiens (human),10,0.1878557861679665,383.56,613.84,374.8176211436028,484.7077904917272,290.06,0.4501277285082787,0.4066667413028871,0.4522586869835339,0.428496032636525,0.4759515722885126,0.20193202793598175,5624.675371205918
YLVVGAAGV,Positive,=,16410.0,nM,HLA-A*02:01,I,Literature,2022,Optimized Anchor-Modified Peptides Targeting Mutated RAS Are Promising Candidates for Immunotherapy.,cellular MHC/direct/fluorescence,half maximal effective concentration (EC50),Homo sapiens (human),9,0.1029718050629049,11.34,14.33,21.79867015818036,20.85018918905801,12.93,0.7755650592398475,0.7539362478733834,0.7151652386023,0.71927677793585,0.7634378334284628,0.4563482701778412,358.594125979598
YLVVGACGV,Positive,=,26090.0,nM,HLA-A*02:01,I,Literature,2022,Optimized Anchor-Modified Peptides Targeting Mutated RAS Are Promising Candidates for Immunotherapy.,cellular MHC/direct/fluorescence,half maximal effective concentration (EC50),Homo sapiens (human),9,0.0601186908993082,12.57,18.46,23.19690265540236,23.5564585659527,13.57,0.7660476068858632,0.730529946877408,0.7094192985398853,0.7079977104059245,0.7589727436832672,0.41734614968299866,546.8559799504776
YLVVGADGV,Positive,=,13420.0,nM,HLA-A*02:01,I,Literature,2022,Optimized Anchor-Modified Peptides Targeting Mutated RAS Are Promising Candidates for Immunotherapy.,cellular MHC/direct/fluorescence,half maximal effective concentration (EC50),Homo sapiens (human),9,0.1215622759830237,22.45,28.45,41.824427020682926,40.37476429813407,16.47,0.7124441432712926,0.6905529787614473,0.6549392742443962,0.6581995631983292,0.7410722779572888,0.34143343567848206,1243.3246145074247
YLVVGARGV,Positive,=,15600.0,nM,HLA-A*02:01,I,Literature,2022,Optimized Anchor-Modified Peptides Targeting Mutated RAS Are Promising Candidates for Immunotherapy.,cellular MHC/direct/fluorescence,half maximal effective concentration (EC50),Homo sapiens (human),9,0.1076502734673309,77.56,102.59,72.68252393851051,68.09418087637532,25.37,0.5978612762662909,0.572011519979865,0.6038642514673754,0.6098911041550636,0.7011429172933896,0.23347915709018707,3998.144152899996
YLVVGASGV,Positive,=,21170.0,nM,HLA-A*02:01,I,Literature,2022,Optimized Anchor-Modified Peptides Targeting Mutated RAS Are Promising Candidates for Immunotherapy.,cellular MHC/direct/fluorescence,half maximal effective concentration (EC50),Homo sapiens (human),9,0.0794321193734345,22.67,20.62,33.996170603489375,32.144746116854755,13.43,0.7115428447349608,0.7203028196105263,0.6740924077857792,0.6792680100938503,0.759931216494727,0.377888560295105,838.075209953112
YLVVGAVGV,Positive,=,22950.0,nM,HLA-A*02:01,I,Literature,2022,Optimized Anchor-Modified Peptides Targeting Mutated RAS Are Promising Candidates for Immunotherapy.,cellular MHC/direct/fluorescence,half maximal effective concentration (EC50),Homo sapiens (human),9,0.0719705199545163,11.1,16.96,21.400799588364688,20.946429289619577,13.21,0.7775421043713674,0.7383626950616347,0.7168677393615341,0.7188511527460415,0.7614577627479632,0.4365716874599457,444.15314353920076
YLVVVGAAGV,Positive,=,27740.0,nM,HLA-A*02:01,I,Literature,2022,Optimized Anchor-Modified Peptides Targeting Mutated RAS Are Promising Candidates for Immunotherapy.,cellular MHC/direct/fluorescence,half maximal effective concentration (EC50),Homo sapiens (human),10,0.0544509855058985,58.75,65.58,37.30954906051542,49.258365851146,37.16,0.6235328445784065,0.6133681613934748,0.665496907077596,0.6398189393764491,0.6658681149543833,0.42479801177978516,504.49502641178896
YLVVVGADGV,Positive-High,=,5683.0,nM,HLA-A*02:01,I,Literature,2022,Optimized Anchor-Modified Peptides Targeting Mutated RAS Are Promising Candidates for Immunotherapy.,cellular MHC/direct/fluorescence,half maximal effective concentration (EC50),Homo sapiens (human),10,0.2009785862475908,82.77,140.49,87.86582679744987,134.42498602520783,68.36,0.5918524797074438,0.542954006831288,0.5863306217732138,0.5470326479981944,0.6095310137422417,0.31080296635627747,1731.8735845063904
YLVVVGASGV,Positive,=,10650.0,nM,HLA-A*02:01,I,Literature,2022,Optimized Anchor-Modified Peptides Targeting Mutated RAS Are Promising Candidates for Immunotherapy.,cellular MHC/direct/fluorescence,half maximal effective concentration (EC50),Homo sapiens (human),10,0.142929279382826,84.01,108.99,62.20424167268146,86.59244451474603,41.2,0.5904781296894885,0.5664184596406533,0.6182525110088517,0.5876798536249068,0.6563295329523335,0.41180166602134705,580.6659072505075
YLVVVGAVGV,Positive,=,15470.0,nM,HLA-A*02:01,I,Literature,2022,Optimized Anchor-Modified Peptides Targeting Mutated RAS Are Promising Candidates for Immunotherapy.,cellular MHC/direct/fluorescence,half maximal effective concentration (EC50),Homo sapiens (human),10,0.1084236950154021,59.19,79.21,38.53186233606172,61.02109547446375,39.06,0.622843231955834,0.5959156982194591,0.6625175307489366,0.6200273680503534,0.6612593318359024,0.48859885334968567,252.9639582702335
YVVVGAVGV,Positive,=,28260.0,nM,HLA-A*02:01,I,Literature,2022,Optimized Anchor-Modified Peptides Targeting Mutated RAS Are Promising Candidates for Immunotherapy.,cellular MHC/direct/fluorescence,half maximal effective concentration (EC50),Homo sapiens (human),9,0.0527345027941913,110.47,196.35,178.82572728599598,179.93265987039874,32.65,0.5651718669999891,0.5120141427822436,0.5206545268598122,0.5200841891054686,0.6778265908881855,0.24360160529613495,3583.3841471232026
EAAGIGILTV,Positive,,22500.0,nM,HLA-A*02:01,I,Literature,2023,"Rare, convergent antibodies targeting the stem helix broadly neutralize diverse betacoronaviruses.",cellular MHC/competitive/fluorescence,half maximal inhibitory concentration (IC50),Homo sapiens (human),10,0.0738007448237922,6687.84,5322.6,1844.250882727236,2220.6494164111296,3740.17,0.1859309867999332,0.2070339188819874,0.3049923713097907,0.2878269074048133,0.2396437221107622,0.17381493747234344,7624.63093579223
SLLMWITQC,Positive,,4450.0,nM,HLA-A*02:01,I,Literature,2023,"Rare, convergent antibodies targeting the stem helix broadly neutralize diverse betacoronaviruses.",cellular MHC/competitive/fluorescence,half maximal inhibitory concentration (IC50),Homo sapiens (human),9,0.2235830389182367,422.15,666.69,308.6242162128781,270.46433212139846,332.12,0.4412675988170673,0.3990334183066961,0.4702179418675041,0.4824163598074157,0.4634366623058533,0.3525615930557251,1102.284381599444
EAAGIGILTVI,Positive,,30700.0,nM,HLA-A*02:01,I,Literature,2023,"Rare, convergent antibodies targeting the stem helix broadly neutralize diverse betacoronaviruses.",cellular MHC/competitive/fluorescence,half maximal inhibitory concentration (IC50),Homo sapiens (human),11,0.0450804386202429,26676.51,15887.41,2993.505083561932,1794.36173794707,20103.01,0.0580639996512172,0.1059629877454506,0.2602251138457315,0.3075269693150999,0.0842118411653382,0.14115390181541443,10856.555420991668
ELAGIGILTV,Positive,,2480.0,nM,HLA-A*02:01,I,Literature,2023,"Rare, convergent antibodies targeting the stem helix broadly neutralize diverse betacoronaviruses.",cellular MHC/competitive/fluorescence,half maximal inhibitory concentration (IC50),Homo sapiens (human),10,0.2776179295262677,215.85,253.92,124.11377924071788,145.70686026964728,83.55,0.5032630447016206,0.4882502107500545,0.5544087325375758,0.5395842071765453,0.5909855878084099,0.3238009512424469,1504.6623256742234
EMAGIGILTV,Positive,,3600.0,nM,HLA-A*02:01,I,Literature,2023,"Rare, convergent antibodies targeting the stem helix broadly neutralize diverse betacoronaviruses.",cellular MHC/competitive/fluorescence,half maximal inhibitory concentration (IC50),Homo sapiens (human),10,0.2431740365472272,190.98,233.52,147.17024064056125,172.3772706532325,74.01,0.5145770483957455,0.4959908065396109,0.5386606005146611,0.5240488877485349,0.6021914584505768,0.3820825219154358,800.8952071142264
EIAGIGILTV,Positive,,3350.0,nM,HLA-A*02:01,I,Literature,2023,"Rare, convergent antibodies targeting the stem helix broadly neutralize diverse betacoronaviruses.",cellular MHC/competitive/fluorescence,half maximal inhibitory concentration (IC50),Homo sapiens (human),10,0.2498260674607251,1338.13,1929.12,729.1552380615279,871.9267466519077,588.36,0.3346417822367573,0.3008341741836986,0.390755847056205,0.3742288209359402,0.4105850565681227,0.251369833946228,3294.5089721520194
EVAGIGILTV,Positive,,4210.0,nM,HLA-A*02:01,I,Literature,2023,"Rare, convergent antibodies targeting the stem helix broadly neutralize diverse betacoronaviruses.",cellular MHC/competitive/fluorescence,half maximal inhibitory concentration (IC50),Homo sapiens (human),10,0.2287071225201845,2083.09,3152.47,1085.9754311778763,1313.6509977029812,822.93,0.2937371315407521,0.2554430100342917,0.3539392681377691,0.336348179042983,0.3795740572564252,0.15933483839035034,8917.854413562434
ELAGIGILTL,Positive,,4170.0,nM,HLA-A*02:01,I,Literature,2023,"Rare, convergent antibodies targeting the stem helix broadly neutralize diverse betacoronaviruses.",cellular MHC/competitive/fluorescence,half maximal inhibitory concentration (IC50),Homo sapiens (human),10,0.2295894522345869,869.61,819.39,396.1138247863702,479.1593862949253,236.9,0.3744747205187503,0.3799724925368749,0.4471511847058319,0.4295600956110461,0.4946626476586118,0.2623637020587921,2925.033458070376
ELAGIGILTA,Positive,,5610.0,nM,HLA-A*02:01,I,Literature,2023,"Rare, convergent antibodies targeting the stem helix broadly neutralize diverse betacoronaviruses.",cellular MHC/competitive/fluorescence,half maximal inhibitory concentration (IC50),Homo sapiens (human),10,0.202173485296401,1541.67,1597.3,801.3458644824315,978.3179005429128,459.66,0.3215552730858633,0.3182790082285006,0.3820305306651304,0.3635881911907275,0.4333999343969997,0.2012452334165573,5666.627814311326
ELAGIGILTI,Positive,,2930.0,nM,HLA-A*02:01,I,Literature,2023,"Rare, convergent antibodies targeting the stem helix broadly neutralize diverse betacoronaviruses.",cellular MHC/competitive/fluorescence,half maximal inhibitory concentration (IC50),Homo sapiens (human),10,0.2622069055229073,1040.47,905.68,463.2548768622114,561.6684119737977,256.87,0.3578955473481291,0.3707185245579224,0.4326799282523428,0.4148760265626525,0.487182641409987,0.2741301953792572,2575.374783107141
ELAGIGILTM,Positive,,36800.0,nM,HLA-A*02:01,I,Literature,2023,"Rare, convergent antibodies targeting the stem helix broadly neutralize diverse betacoronaviruses.",cellular MHC/competitive/fluorescence,half maximal inhibitory concentration (IC50),Homo sapiens (human),10,0.0283300777701626,2573.38,2143.78,792.172934224647,949.4672736115788,1146.3,0.2742018105660914,0.2910828943660291,0.3830945936396517,0.3663547549244828,0.3489427918064862,0.21106761693954468,5095.298170410801
EMAGIGILTL,Positive,,4380.0,nM,HLA-A*02:01,I,Literature,2023,"Rare, convergent antibodies targeting the stem helix broadly neutralize diverse betacoronaviruses.",cellular MHC/competitive/fluorescence,half maximal inhibitory concentration (IC50),Homo sapiens (human),10,0.2250484452669637,740.33,875.43,469.6993941486398,566.8654658026629,275.64,0.3893501457178953,0.3738582236958643,0.4314030526829172,0.4140247761830357,0.4806644351866894,0.297690749168396,1995.8601336374809
EMAGIGILTA,Positive,,3620.0,nM,HLA-A*02:01,I,Literature,2023,"Rare, convergent antibodies targeting the stem helix broadly neutralize diverse betacoronaviruses.",cellular MHC/competitive/fluorescence,half maximal inhibitory concentration (IC50),Homo sapiens (human),10,0.2426619945968299,1220.25,1796.83,950.2108825762632,1157.3907310520633,465.18,0.3431648183579573,0.3073999223263844,0.3662823986422157,0.348052871762717,0.4322966454581368,0.24149097502231598,3666.157819502618
EMAGIGILTI,Positive,,1790.0,nM,HLA-A*02:01,I,Literature,2023,"Rare, convergent antibodies targeting the stem helix broadly neutralize diverse betacoronaviruses.",cellular MHC/competitive/fluorescence,half maximal inhibitory concentration (IC50),Homo sapiens (human),10,0.3077519056350024,878.6,980.84,549.3131554192361,664.4770719031636,281.72,0.3735241560995515,0.3633502308166713,0.4169317962294281,0.3993407071346421,0.4786479425364066,0.3243292272090912,1496.0864657924512
EMAGIGILTM,Positive,,37500.0,nM,HLA-A*02:01,I,Literature,2023,"Rare, convergent antibodies targeting the stem helix broadly neutralize diverse betacoronaviruses.",cellular MHC/competitive/fluorescence,half maximal inhibitory concentration (IC50),Homo sapiens (human),10,0.0265885367416714,2293.04,2397.96,939.3339085474654,1123.2592404835714,1461.42,0.2848620809309431,0.2807270675689852,0.3673464616167369,0.3508194354964724,0.3264960100642491,0.2499372810125351,3345.9713493269114
SLLMWITQA,Positive,,1090.0,nM,HLA-A*02:01,I,Literature,2023,"Rare, convergent antibodies targeting the stem helix broadly neutralize diverse betacoronaviruses.",cellular MHC/competitive/fluorescence,half maximal inhibitory concentration (IC50),Homo sapiens (human),9,0.3535973851423163,17.12,25.68,37.53444512185601,38.38044448454869,20.57,0.7374948639376486,0.7000204261580519,0.6649414662048962,0.6628814402862229,0.7205272026671963,0.5959394574165344,79.18964016219371
SLLMWITQL,Positive,,1970.0,nM,HLA-A*02:01,I,Literature,2023,"Rare, convergent antibodies targeting the stem helix broadly neutralize diverse betacoronaviruses.",cellular MHC/competitive/fluorescence,half maximal inhibitory concentration (IC50),Homo sapiens (human),9,0.2988960935861278,11.66,15.61,20.390599754832827,20.659033505576502,19.57,0.7729931135038766,0.7460288314330175,0.7213368038545234,0.720128028315467,0.7251332048371933,0.5949704051017761,80.02430615163676
SLLMWITQV,Positive,,1190.0,nM,HLA-A*02:01,I,Literature,2023,"Rare, convergent antibodies targeting the stem helix broadly neutralize diverse betacoronaviruses.",cellular MHC/competitive/fluorescence,half maximal inhibitory concentration (IC50),Homo sapiens (human),9,0.3454848703961633,4.55,6.13,7.575826151340562,7.71098751586351,12.33,0.8599668872008278,0.8324184930332013,0.8128462196633525,0.8112118189344876,0.7678293167249344,0.7166305184364319,21.4557990986881
SLLMWITQM,Positive,,2380.0,nM,HLA-A*02:01,I,Literature,2023,"Rare, convergent antibodies targeting the stem helix broadly neutralize diverse betacoronaviruses.",cellular MHC/competitive/fluorescence,half maximal inhibitory concentration (IC50),Homo sapiens (human),9,0.2814218958748952,47.27,52.12,66.90059803314166,69.04146529296976,46.18,0.6436270925846144,0.6345998366756619,0.6115255048839285,0.6086142285856382,0.6457832403600647,0.4725910723209381,300.8006228462519
SLLMWITQI,Positive,,1360.0,nM,HLA-A*02:01,I,Literature,2023,"Rare, convergent antibodies targeting the stem helix broadly neutralize diverse betacoronaviruses.",cellular MHC/competitive/fluorescence,half maximal inhibitory concentration (IC50),Homo sapiens (human),9,0.3331434536762918,11.65,15.96,24.85592901698114,25.76973781504873,17.9,0.7730724128100253,0.7439794495592437,0.7030349206927575,0.6996980192046587,0.7333770954435097,0.5851956009864807,88.95153125296092
SALMWITQA,Positive,,2280.0,nM,HLA-A*02:01,I,Literature,2023,"Rare, convergent antibodies targeting the stem helix broadly neutralize diverse betacoronaviruses.",cellular MHC/competitive/fluorescence,half maximal inhibitory concentration (IC50),Homo sapiens (human),9,0.2853891716904157,2076.59,2252.32,960.3510156161524,988.803511407055,709.77,0.2940259769186036,0.2865180900977762,0.3653013325797071,0.3626028688763211,0.3932462568709539,0.34068936109542847,1253.3746761984607
SALMWITQL,Positive,,1990.0,nM,HLA-A*02:01,I,Literature,2023,"Rare, convergent antibodies targeting the stem helix broadly neutralize diverse betacoronaviruses.",cellular MHC/competitive/fluorescence,half maximal inhibitory concentration (IC50),Homo sapiens (human),9,0.2979625166013703,1299.6,1070.67,521.71100758257,532.2430510364176,373.33,0.337342077136128,0.3552511228654121,0.4216966702293342,0.4198494569055653,0.4526262376796441,0.3365539014339447,1310.7302323207828
SALMWITQV,Positive,,1700.0,nM,HLA-A*02:01,I,Literature,2023,"Rare, convergent antibodies targeting the stem helix broadly neutralize diverse betacoronaviruses.",cellular MHC/competitive/fluorescence,half maximal inhibitory concentration (IC50),Homo sapiens (human),9,0.3125197823358424,174.77,251.76,193.83401872470665,198.65980278501863,53.46,0.5227748029533955,0.4890397836782038,0.5132060860381633,0.5109332475245858,0.6322536741400853,0.4691430330276489,312.2345547389355
SALMWITQM,Positive,,11400.0,nM,HLA-A*02:01,I,Literature,2023,"Rare, convergent antibodies targeting the stem helix broadly neutralize diverse betacoronaviruses.",cellular MHC/competitive/fluorescence,half maximal inhibitory concentration (IC50),Homo sapiens (human),9,0.1366395513074301,4685.6,3117.47,1711.7092595314382,1778.7298774473677,2841.21,0.2188149301585942,0.2564748700993433,0.3118853712587395,0.3083356571757364,0.2650509938623514,0.22894473373889923,4199.190409180745
SALMWITQI,Positive,,2030.0,nM,HLA-A*02:01,I,Literature,2023,"Rare, convergent antibodies targeting the stem helix broadly neutralize diverse betacoronaviruses.",cellular MHC/competitive/fluorescence,half maximal inhibitory concentration (IC50),Homo sapiens (human),9,0.2961231855361516,1184.1,1147.56,635.9602918877642,663.9112074331928,296.91,0.3459442434662959,0.3488412569136623,0.4033947870675686,0.399419447794757,0.4737942947703367,0.35231125354766846,1105.2740960560943
SMLMWITQA,Positive,,950.0,nM,HLA-A*02:01,I,Literature,2023,"Rare, convergent antibodies targeting the stem helix broadly neutralize diverse betacoronaviruses.",cellular MHC/competitive/fluorescence,half maximal inhibitory concentration (IC50),Homo sapiens (human),9,0.3663029126508308,12.96,19.02,37.70769624875445,38.20410236027925,18.91,0.7632236425199761,0.7277678913844967,0.6645158410150876,0.6633070654760315,0.7283039628542083,0.6434183716773987,47.37687112877508
SMLMWITQL,Positive,,1340.0,nM,HLA-A*02:01,I,Literature,2023,"Rare, convergent antibodies targeting the stem helix broadly neutralize diverse betacoronaviruses.",cellular MHC/competitive/fluorescence,half maximal inhibitory concentration (IC50),Homo sapiens (human),9,0.3345127133224426,8.82,11.53,20.48471848695184,20.56411386869753,18.56,0.7987923769976442,0.774029349769229,0.7209111786647149,0.7205536535052757,0.7300306299652368,0.6262303590774536,57.06007408904834
SMLMWITQV,Positive,,1010.0,nM,HLA-A*02:01,I,Literature,2023,"Rare, convergent antibodies targeting the stem helix broadly neutralize diverse betacoronaviruses.",cellular MHC/competitive/fluorescence,half maximal inhibitory concentration (IC50),Homo sapiens (human),9,0.3606425725190039,3.75,4.88,7.6107945760407345,7.67555874642052,11.71,0.8778389163586858,0.8534955912960788,0.8124205944735439,0.8116374441242962,0.7725976343568182,0.7448301315307617,15.813775095690806
SMLMWITQM,Positive,,1570.0,nM,HLA-A*02:01,I,Literature,2023,"Rare, convergent antibodies targeting the stem helix broadly neutralize diverse betacoronaviruses.",cellular MHC/competitive/fluorescence,half maximal inhibitory concentration (IC50),Homo sapiens (human),9,0.3198723019171888,34.5,36.06,67.20939716316188,68.72424857450943,40.65,0.6727327278841455,0.6686453156862838,0.61109987969412,0.6090398537754467,0.6575716490113128,0.5182018280029297,183.63487274387901
SMLMWITQI,Positive,,710.0,nM,HLA-A*02:01,I,Literature,2023,"Rare, convergent antibodies targeting the stem helix broadly neutralize diverse betacoronaviruses.",cellular MHC/competitive/fluorescence,half maximal inhibitory concentration (IC50),Homo sapiens (human),9,0.3932163120666763,9.17,11.86,24.97065877249821,25.651336624827973,16.95,0.7951956844197802,0.7714212501809712,0.702609295502949,0.7001236443944674,0.7384172060249644,0.613608717918396,65.40953239728101
SILMWITQA,Positive,,1920.0,nM,HLA-A*02:01,I,Literature,2023,"Rare, convergent antibodies targeting the stem helix broadly neutralize diverse betacoronaviruses.",cellular MHC/competitive/fluorescence,half maximal inhibitory concentration (IC50),Homo sapiens (human),9,0.3012721456672733,166.01,206.55,202.03657612610988,211.8897750948691,72.16,0.5275274693131469,0.5073334800655476,0.5093754593298868,0.5049744948672666,0.6045310945123878,0.4963279068470001,232.66982208222825
SILMWITQL,Positive,,5420.0,nM,HLA-A*02:01,I,Literature,2023,"Rare, convergent antibodies targeting the stem helix broadly neutralize diverse betacoronaviruses.",cellular MHC/competitive/fluorescence,half maximal inhibitory concentration (IC50),Homo sapiens (human),9,0.2053579224611342,82.74,95.07,109.75643695410538,114.0538631577404,54.03,0.591885984632823,0.5790474312275447,0.565770796979514,0.5622210828965108,0.6312734565361365,0.46944165229797363,311.2273546784782
SILMWITQV,Positive,,1060.0,nM,HLA-A*02:01,I,Literature,2023,"Rare, convergent antibodies targeting the stem helix broadly neutralize diverse betacoronaviruses.",cellular MHC/competitive/fluorescence,half maximal inhibitory concentration (IC50),Homo sapiens (human),9,0.3561768084339461,13.55,22.19,40.77838294863293,42.57062242083815,19.29,0.7591090613121776,0.7135207713626968,0.657280212788343,0.6533048735155313,0.7264651133210401,0.6149751543998718,64.44959615740363
SILMWITQM,Positive,,3100.0,nM,HLA-A*02:01,I,Literature,2023,"Rare, convergent antibodies targeting the stem helix broadly neutralize diverse betacoronaviruses.",cellular MHC/competitive/fluorescence,half maximal inhibitory concentration (IC50),Homo sapiens (human),9,0.2569942581858182,622.51,408.29,360.10570353508774,381.1623536313401,320.65,0.4053704684746666,0.4443529665582212,0.4559594980089192,0.450707283166682,0.4666849879993288,0.37761390209198,840.5694565915164
SILMWITQI,Positive,,2700.0,nM,HLA-A*02:01,I,Literature,2023,"Rare, convergent antibodies targeting the stem helix broadly neutralize diverse betacoronaviruses.",cellular MHC/competitive/fluorescence,half maximal inhibitory concentration (IC50),Homo sapiens (human),9,0.2697625732888986,73.17,99.52,133.7919550621074,142.26890863868596,48.02,0.603246444792569,0.5748195103388289,0.5474689138177482,0.5417910737857026,0.6421721879115081,0.45126208662986755,378.88114674236704
GILGFVFTL,Positive,,1020.0,nM,HLA-A*02:01,I,Literature,2023,"Rare, convergent antibodies targeting the stem helix broadly neutralize diverse betacoronaviruses.",cellular MHC/competitive/fluorescence,half maximal inhibitory concentration (IC50),Homo sapiens (human),9,0.3597319904179632,7.27,15.71,45.75409820495877,48.65304206329171,19.96,0.8166546264257808,0.7454386420989727,0.6466395830431302,0.6409617430110846,0.7233094623392751,0.6924877762794495,27.860616048542685
GILGFVFTL,Positive-High,,7048.0,nM,HLA-A*02:01,I,Literature,2023,Personalized neoantigen viro-immunotherapy platform for triple-negative breast cancer.,cellular MHC/direct/fluorescence,half maximal effective concentration (EC50),Homo sapiens (human),9,0.1810831114365163,7.27,15.71,45.75409820495877,48.65304206329171,19.96,0.8166546264257808,0.7454386420989727,0.6466395830431302,0.6409617430110846,0.7233094623392751,0.6924877762794495,27.860616048542685
LLAAPSAMA,Positive-Intermediate,,37120.0,nM,HLA-A*02:01,I,Literature,2023,Personalized neoantigen viro-immunotherapy platform for triple-negative breast cancer.,cellular MHC/direct/fluorescence,half maximal effective concentration (EC50),Homo sapiens (human),9,0.0275298707312079,244.5,385.15,354.3480115264533,320.7081525234572,91.08,0.4917441777121726,0.4497453910513778,0.4574491861732488,0.4666682277845011,0.5830101021851536,0.3232607841491699,1513.4820551572377
AAVTSQFPV,Positive-Intermediate,,27710.0,nM,HLA-A*02:01,I,Literature,2023,Personalized neoantigen viro-immunotherapy platform for triple-negative breast cancer.,cellular MHC/direct/fluorescence,half maximal effective concentration (EC50),Homo sapiens (human),9,0.0545509927318653,722.7,384.47,384.0873466234181,389.143696525184,407.68,0.391577717653044,0.4499087129104614,0.4500007453516,0.4487919698125439,0.4444911536122723,0.24658453464508057,3469.578136956512
LMAVEEREV,Positive-Intermediate,,34110.0,nM,HLA-A*02:01,I,Literature,2023,Personalized neoantigen viro-immunotherapy platform for triple-negative breast cancer.,cellular MHC/direct/fluorescence,half maximal effective concentration (EC50),Homo sapiens (human),9,0.0353456788988569,518.17,822.74,330.69680573592444,291.816604622462,175.95,0.4223261133962037,0.3795953986357429,0.4638335640203763,0.4753935441755755,0.522152882631884,0.3562937080860138,1058.6601295157786
GLMKGGANL,Positive-Intermediate,,16990.0,nM,HLA-A*02:01,I,Literature,2023,Personalized neoantigen viro-immunotherapy platform for triple-negative breast cancer.,cellular MHC/direct/fluorescence,half maximal effective concentration (EC50),Homo sapiens (human),9,0.099761570096086,51.79,64.73,154.67851715411774,142.92559208409853,61.11,0.6351868793722757,0.6145739161248709,0.5340617203387801,0.5413654485958939,0.6198928101112212,0.4468584954738617,397.37023933573465
MLREQLDQV,Positive-Intermediate,,13870.0,nM,HLA-A*02:01,I,Literature,2023,Personalized neoantigen viro-immunotherapy platform for triple-negative breast cancer.,cellular MHC/direct/fluorescence,half maximal effective concentration (EC50),Homo sapiens (human),9,0.1185139600271665,25.47,113.02,98.27204644097138,96.85231369601692,20.17,0.7007793317118032,0.5630626922352535,0.5759858015349182,0.5773307771347127,0.7223421522144564,0.5201030373573303,179.89596924157854
TLHGFVNHI,Positive-Intermediate,,10650.0,nM,HLA-A*02:01,I,Literature,2023,Personalized neoantigen viro-immunotherapy platform for triple-negative breast cancer.,cellular MHC/direct/fluorescence,half maximal effective concentration (EC50),Homo sapiens (human),9,0.142929279382826,82.98,139.19,306.4996620523416,313.4079437098964,21.92,0.5916182847044771,0.5438132116486036,0.4708563796522168,0.4687963537335433,0.7146522432415916,0.5532380938529968,125.69580858262758
RILSCLSDL,Positive-Intermediate,,29320.0,nM,HLA-A*02:01,I,Literature,2023,Personalized neoantigen viro-immunotherapy platform for triple-negative breast cancer.,cellular MHC/direct/fluorescence,half maximal effective concentration (EC50),Homo sapiens (human),9,0.0493312445393411,375.69,478.47,476.9029402520128,475.4556361697735,128.4,0.452043823875159,0.4296931646100647,0.4299963614306002,0.4302772740558734,0.5512708057750664,0.48764365911483765,255.59189466549054
GLLHKVKEL,Positive-Intermediate,,30140.0,nM,HLA-A*02:01,I,Literature,2023,Personalized neoantigen viro-immunotherapy platform for triple-negative breast cancer.,cellular MHC/direct/fluorescence,half maximal effective concentration (EC50),Homo sapiens (human),9,0.0467819024498046,334.62,254.9,300.90541275620734,280.61443004119224,91.12,0.4627435602811571,0.4878941910144634,0.4725588804114506,0.4790113582889473,0.5829695211370168,0.4773116111755371,285.82292591506535
ALLVVSREL,Positive-High,,5522.0,nM,HLA-A*02:01,I,Literature,2023,Personalized neoantigen viro-immunotherapy platform for triple-negative breast cancer.,cellular MHC/direct/fluorescence,half maximal effective concentration (EC50),Homo sapiens (human),9,0.2036347542439748,237.39,286.87,185.11005080083555,164.8579898154117,135.24,0.4944716782070982,0.47697364930085,0.5174623379362482,0.5281710677118303,0.546473980440983,0.4958817660808563,233.79566798229595
WLAKTRVFL,Positive-High,,5871.0,nM,HLA-A*02:01,I,Literature,2023,Personalized neoantigen viro-immunotherapy platform for triple-negative breast cancer.,cellular MHC/direct/fluorescence,half maximal effective concentration (EC50),Homo sapiens (human),9,0.1979706027278215,44.27,188.5,233.57695902997213,217.8261422038786,42.07,0.6496871611310808,0.5157850864248449,0.4959682658509186,0.5024207437284155,0.6543981956644838,0.34215354919433594,1233.6749312561396
ILCKDLSTV,Positive-High,,9327.0,nM,HLA-A*02:01,I,Literature,2023,Personalized neoantigen viro-immunotherapy platform for triple-negative breast cancer.,cellular MHC/direct/fluorescence,half maximal effective concentration (EC50),Homo sapiens (human),9,0.1551889088247557,36.13,55.48,61.15472252437344,63.54918716212552,25.3,0.668466076580509,0.6288257956973913,0.6198251960851944,0.6162754820021912,0.7013982809251655,0.5998254418373108,75.92909880409925
FLTDVACRV,Positive-High,,5380.0,nM,HLA-A*02:01,I,Literature,2023,Personalized neoantigen viro-immunotherapy platform for triple-negative breast cancer.,cellular MHC/direct/fluorescence,half maximal effective concentration (EC50),Homo sapiens (human),9,0.2060425428926392,4.65,5.24,9.25614181717605,10.259117407454506,12.27,0.8579576051189823,0.8469172422211768,0.7943315239066824,0.7848230571663601,0.7682801631586789,0.8072294592857361,8.050502487535367
AVLERYLEL,Positive-High,,5962.0,nM,HLA-A*02:01,I,Literature,2023,Personalized neoantigen viro-immunotherapy platform for triple-negative breast cancer.,cellular MHC/direct/fluorescence,half maximal effective concentration (EC50),Homo sapiens (human),9,0.1965490377225576,298.0,145.66,339.1798158082386,341.27934139545687,87.72,0.4734556164876241,0.5396139359004188,0.4614926254764295,0.460922287722086,0.5864841398833207,0.45883098244667053,349.0896563929128
MQSLHFAFL,Positive-Intermediate,,47660.0,nM,HLA-A*02:01,I,Literature,2023,Personalized neoantigen viro-immunotherapy platform for triple-negative breast cancer.,cellular MHC/direct/fluorescence,half maximal effective concentration (EC50),Homo sapiens (human),9,0.0044298998091865,174.89,224.13,250.8591809650546,237.19744136053072,40.96,0.5227113653241957,0.4997839975654542,0.4893710754088868,0.4945466777169583,0.6568694955532905,0.40619319677352905,616.9931703287342
ALEAVRIEL,Positive-High,,5843.0,nM,HLA-A*02:01,I,Literature,2023,Personalized neoantigen viro-immunotherapy platform for triple-negative breast cancer.,cellular MHC/direct/fluorescence,half maximal effective concentration (EC50),Homo sapiens (human),9,0.1984124429748287,651.19,710.01,584.0230661097478,587.6381732407568,179.63,0.4012075582324944,0.3932150103387216,0.4112688530790257,0.4106985153246824,0.5202397828003491,0.4331868290901184,460.7210848725079
TLHDIWPEI,Positive-High,,9314.0,nM,HLA-A*02:01,I,Literature,2023,Personalized neoantigen viro-immunotherapy platform for triple-negative breast cancer.,cellular MHC/direct/fluorescence,half maximal effective concentration (EC50),Homo sapiens (human),9,0.1553178185997878,36.67,15.05,83.83589402353462,90.17995203964212,20.78,0.66709493601425,0.7494054018554536,0.5906698705833116,0.5839279675767446,0.7195884327830804,0.6001971960067749,75.62430276651982
GLYDVQLTI,Positive-Intermediate,,31720.0,nM,HLA-A*02:01,I,Literature,2023,Personalized neoantigen viro-immunotherapy platform for triple-negative breast cancer.,cellular MHC/direct/fluorescence,half maximal effective concentration (EC50),Homo sapiens (human),9,0.0420596057238248,13.11,9.52,40.03409357950166,42.37502817772874,19.0,0.7621600711094546,0.79173373154512,0.658982713547577,0.6537304987053398,0.7278651279380701,0.7873544096946716,9.981946788233785
ALLSNDNAL,Positive-High,,8692.0,nM,HLA-A*02:01,I,Literature,2023,Personalized neoantigen viro-immunotherapy platform for triple-negative breast cancer.,cellular MHC/direct/fluorescence,half maximal effective concentration (EC50),Homo sapiens (human),9,0.1617057112487147,156.17,139.41,240.12092074963067,227.0439845966069,150.09,0.5331748003766928,0.543667245115448,0.4934145147120676,0.498590117020139,0.5368449350400573,0.3378421366214752,1292.5874595214925
LLPMSLHWFI,Positive-Intermediate,,38820.0,nM,HLA-A*02:01,I,Literature,2023,Personalized neoantigen viro-immunotherapy platform for triple-negative breast cancer.,cellular MHC/direct/fluorescence,half maximal effective concentration (EC50),Homo sapiens (human),10,0.0233911842770331,16.25,7.89,158.42364453109616,125.16416314772412,188.64,0.7423151532787895,0.8090907151180718,0.5318505974777248,0.5536298384402261,0.5157164685769112,0.39489737153053284,697.2027648968619
LLFAKFSFLI,Positive-Intermediate,,19150.0,nM,HLA-A*02:01,I,Literature,2023,Personalized neoantigen viro-immunotherapy platform for triple-negative breast cancer.,cellular MHC/direct/fluorescence,half maximal effective concentration (EC50),Homo sapiens (human),10,0.0887005504710117,16.6,20.79,48.95758650966036,45.02772447771864,67.63,0.7403456317205284,0.7195439664191501,0.6403850208788942,0.6481186305777147,0.6105232879255317,0.5531013011932373,125.88198444894023
RQLLFSLLAV,Positive-Intermediate,,24610.0,nM,HLA-A*02:01,I,Literature,2023,Personalized neoantigen viro-immunotherapy platform for triple-negative breast cancer.,cellular MHC/direct/fluorescence,half maximal effective concentration (EC50),Homo sapiens (human),10,0.0655161429737021,14.0,50.7,48.95758650966033,46.18277234528978,188.95,0.7560895186347992,0.6371528318418667,0.6403850208788942,0.6457776920337679,0.5155647101061482,0.6480427384376526,45.06471355354891
SLNVDTAFPL,Positive-Intermediate,,45060.0,nM,HLA-A*02:01,I,Literature,2023,Personalized neoantigen viro-immunotherapy platform for triple-negative breast cancer.,cellular MHC/direct/fluorescence,half maximal effective concentration (EC50),Homo sapiens (human),10,0.0096146212694522,23.77,33.75,106.61541457291273,124.30253910918108,291.43,0.7071636591724493,0.6747640917569564,0.5684543638012562,0.5542682762249387,0.4755160696861714,0.5260007977485657,168.77496766607723
TLAGHVYEYI,Positive-Intermediate,,48080.0,nM,HLA-A*02:01,I,Literature,2023,Personalized neoantigen viro-immunotherapy platform for triple-negative breast cancer.,cellular MHC/direct/fluorescence,half maximal effective concentration (EC50),Homo sapiens (human),10,0.0036189942318516,26.57,25.25,118.25513276303428,121.19368757341174,59.64,0.6968715371462455,0.7015811164657935,0.5588777970305652,0.5566092147688856,0.6221432285921036,0.7392506003379822,16.79784647424979
KLIASILYQA,Positive-Intermediate,,16220.0,nM,HLA-A*02:01,I,Literature,2023,Personalized neoantigen viro-immunotherapy platform for triple-negative breast cancer.,cellular MHC/direct/fluorescence,half maximal effective concentration (EC50),Homo sapiens (human),10,0.1040481539592138,22.74,26.27,59.816362559995305,66.4477071903163,46.54,0.7112579013912146,0.6979210185474156,0.6218703251222241,0.6121533020388958,0.6450655404457342,0.7561641335487366,13.98870212553852
FLIHSSTGLI,Positive-Intermediate,,39570.0,nM,HLA-A*02:01,I,Literature,2023,Personalized neoantigen viro-immunotherapy platform for triple-negative breast cancer.,cellular MHC/direct/fluorescence,half maximal effective concentration (EC50),Homo sapiens (human),10,0.0216226011181674,33.25,74.09,115.82971826456809,110.02211770714364,52.14,0.6761435701366734,0.6020916087872294,0.5607931103847036,0.5655473437548646,0.6345643778854144,0.5197568535804749,180.5710568141271
YLQPRTFLL,Positive,,75.0,nM,HLA-A*02:01,I,Literature,2023,Coarse-grained molecular dynamics-guided immunoinformatics to explain the binder and non-binder classification of Cytotoxic T-cell epitope for SARS-CoV-2 peptide-based vaccine discovery.,binding assay,dissociation constant KD,Homo sapiens (human),9,0.6009633469331641,4.3,5.36,12.230099772446508,11.998031560419417,12.3,0.8651899341781183,0.8448245489926672,0.7685811999232677,0.7703518007128708,0.7680544650351719,0.8725740909576416,3.9698173398519776
GLYPQLSAI,Positive,,5.9,nM,HLA-A*02:01,I,Literature,2024,"Bioinformatic, Biochemical, and Immunological Mining of MHC Class I Restricted T Cell Epitopes for a Marburg Nucleoprotein Microparticle Vaccine.",purified MHC/competitive/radioactivity,dissociation constant KD (~IC50),Homo sapiens (human),9,0.8359529831152714,17.77,27.87,103.37844611848703,102.11981044625588,18.81,0.7340507756695317,0.6924566516960546,0.5713039244470246,0.5724360874519149,0.7287940135020176,0.5639951825141907,111.88543613484475
QLSAIALGV,Positive,,3.9,nM,HLA-A*02:01,I,Literature,2024,"Bioinformatic, Biochemical, and Immunological Mining of MHC Class I Restricted T Cell Epitopes for a Marburg Nucleoprotein Microparticle Vaccine.",purified MHC/competitive/radioactivity,dissociation constant KD (~IC50),Homo sapiens (human),9,0.8742140072226278,28.45,54.99,91.29142790373938,86.12118560562682,23.16,0.6905529787614473,0.6296457057448727,0.5827958045718542,0.5881842194748298,0.709566446732779,0.416756272315979,550.3573636467786
